room,section
252,section1
328,section1
328,section1
335,section1
337,section1
341,section1
344,section1
374,section1
427,section1
436,section1
440,section1
446,section1
447,section1
448,section1
474,section1
524,section1
532,section1
533,section1
538,section1
544,section1
570,section1
575,section1
628,section1
637,section1
639,section1
650,section1
652,section1
653,section1
672,section1
675,section1
721,section1
728,section1
733,section1
733,section1
772,section1
821,section1
824,section1
871,section1
872,section1
873,section1
874,section1
878,section1
932,section1
933,section1
936,section1
939,section1
940,section1
945,section1
966,section1
971,section1
974,section1
975,section1
979,section1
980,section1
980,section1
1039,section1
1040,section1
1043,section1
1045,section1
1021A,section1
1021C,section1
1031B,section1
1052A,section1
244C,section1
340B,section1
379A,section1
379A,section1
379B,section1
521B,section1
549A,section1
624A,section1
631C,section1
631D,section1
738C,section1
741B,section1
921C,section2
922C,section2
922C,section2
,section2
780,section2
833,section2
743,section2
978,section2
,section2
,section2
324,section2
244C,section2
381,section2
1033,section2
1031C,section2
580,section2
572B,section2
444,section2
644,section2
1078B,section2
373,section2
732,section2
729,section2
472,section2
475,section2
476,section2
931,section2
724,section2
381,section2
831,section2
322C,section2
528,section2
833,section2
536,section2
551,section2
880,section2
825,section2
365,section2
467,section2
155,section2
155,section2
155,section2
155,section2
155,section2
155,section2
821,section2
1077,section2
534,section2
680,section2
924,section2
553,section2
631B,section2
931,section2
479A,section2
776,section2
832,section2
748C,section2
1066,section2
733,section2
775,section2
327,section2
921B,section2
649,section2
480,section2
535,section2
572A,section2
1025,section2
1044,section2
1024,section2
741A,section2
566,section2
727,section2
674,section2
673,section2
977,section2
326,section2
635,section2
224B,section2
628,section2
634,section2
325,section2
624A,section2
340B,section2
932,section2
329,section2
866,section2
738B,section2
636,section2
840,section2
627,section2
564,section2
228,section2
433,section2
1064,section2
921B,section2
824,section2
428,section2
871,section2
624B,section2
634,section2
1036,section2
776,section2
553,section2
229,section2
971,section2
376,section2
976,section2
478,section2
451,section2
438,section2
473,section2
650,section2
680,section2
365,section2
640,section2
521C,section2
945,section2
545,section2
433,section2
375,section2
740,section2
832,section2
577,section2
664,section2
329,section2
422B,section2
922D,section2
322B,section2
421B,section2
228,section2
371,section2
521C,section2
569,section2
933,section2
634,section3
678,section3
1078A,section3
1021C,section3
1080,section3
626,section3
647,section3
940,section3
978,section3
337,section3
1066,section3
580,section3
840,section3
444,section3
841,section3
744,section3
321,section3
846,section3
645B,section3
1021C,section3
665,section3
436,section3
377,section3
225,section3
446,section3
632,section3
1036,section3
340A,section3
524,section3
921B,section3
645A,section3
525,section3
627,section3
629,section3
1075,section3
378,section3
667,section3
424A,section3
244B,section3
550,section3
938,section3
670,section3
340A,section3
421C,section3
578A,section3
225,section3
925,section3
436,section3
931,section3
1022B,section3
638,section3
730,section3
552,section3
1022B,section3
779,section3
466,section3
1066,section3
941,section3
450,section3
725,section3
549B,section3
621,section3
438,section3
1038,section3
1046,section3
972,section3
422B,section3
372,section3
645B,section3
429,section3
778,section3
155,section3
467,section3
652,section3
,section3
535,section3
648,section3
1074,section3
522B,section3
543,section3
326,section3
381,section3
440,section3
732,section3
650,section3
479B,section3
477,section3
941,section3
365,section3
846,section3
480,section3
739,section3
,section3
675,section3
451,section3
1032,section3
945,section3
780,section3
1052B,section3
224A,section3
621,section3
878,section3
1072,section3
741A,section3
625,section3
1052A,section3
1072,section3
322D,section3
330,section3
866,section3
421C,section3
522C,section3
1021D,section3
548,section3
341,section3
526,section3
522B,section3
467,section3
424B,section3
1046,section3
322B,section3
344,section3
465,section3
574,section3
741A,section3
939,section3
1078B,section3
1065,section3
464,section3
472,section3
155,section3
747,section3
428,section3
921C,section3
871,section3
966,section3
1022C,section4
322C,section4
324,section4
1034,section4
846,section4
721,section4
540,section4
527C,section4
633,section4
565,section4
865,section4
772,section4
924,section4
424A,section4
731,section4
746,section4
748B,section4
1073,section4
880,section4
335,section4
643,section4
1040,section4
426,section4
1039,section4
371,section4
664,section4
732,section4
839,section4
1076,section4
875,section4
252,section4
539,section4
1021D,section4
724,section4
327,section4
536,section4
345,section4
1072,section4
1024,section4
635,section4
572B,section4
380,section4
573,section4
778,section4
973,section4
933,section4
578B,section4
966,section4
1064,section4
230,section4
571,section4
422C,section4
224A,section4
